MSE,RMSE,MAE
0.562400,0.749933,0.535029
