MSE,RMSE,MAE
0.329412,0.573944,0.326611
