MSE,RMSE,MAE
0.788495,0.887972,0.630274
