MSE,RMSE,MAE
0.675103,0.821647,0.515283
