MSE,RMSE,MAE
0.801648,0.895348,0.649844
