MSE,RMSE,MAE
0.627888,0.792394,0.453977
