MSE,RMSE,MAE
0.775020,0.880352,0.620051
