MSE,RMSE,MAE
0.343193,0.585827,0.357188
