MSE,RMSE,MAE
0.322417,0.567818,0.348814
