MSE,RMSE,MAE
0.987166,0.993562,0.790238
