MSE,RMSE,MAE
0.285909,0.534704,0.250775
