MSE,RMSE,MAE
0.662540,0.813966,0.650377
