MSE,RMSE,MAE
0.696553,0.834597,0.557263
