MSE,RMSE,MAE
0.594962,0.771338,0.606224
