MSE,RMSE,MAE
3.248207,1.802278,1.432891
