MSE,RMSE,MAE
0.338111,0.581473,0.335470
