MSE,RMSE,MAE
0.649408,0.805859,0.609803
