MSE,RMSE,MAE
0.575507,0.758622,0.555759
