MSE,RMSE,MAE
0.770538,0.877803,0.694263
